Year,China,United States,India,Germany,Brazil,United Kingdom,France
1750,0.0,0.0,0.0,0.0,0.0,0.0,0.0
1800,0.0,0.0,0.0,0.0,0.0,0.0,0.0
1850,0.0,0.0,0.0,0.0,0.0,0.0,0.0
1900,0.0,0.0,0.0,0.0,0.0,0.0,0.0
1950,0.0,0.0,0.0,0.0,0.0,0.0,0.0
2000,3.4,5.9,1.1,0.9,0.30000000000000004,0.6000000000000001,0.4
2024,11.5,5.0,2.7,0.7000000000000001,0.5,0.4,0.30000000000000004
